{
    "answers": [
    {
        "id": 1,
        "country": "Afghanistan",
        "capital": "Kabul"
    },
    {
        "id": 2,
        "country": "Albania",
        "capital": "Tirana"
    },
    {
        "id": 3,
        "country": "Algeria",
        "capital": "Algiers"
    },
    {
        "id": 4,
        "country": "Andorra",
        "capital": "Andorra la Vella"
    },
    {
        "id": 5,
        "country": "Angola",
        "capital": "Luanda"
    },
    {
        "id": 6,
        "country": "Argentina",
        "capital": "Buenos Aires"
    },
    {
        "id": 7,
        "country": "Armenia",
        "capital": "Yerevan"
    },
    {
        "id": 8,
        "country": "Australia",
        "capital": "Canberra"
    },
    {
        "id": 9,
        "country": "Austria",
        "capital": "Vienna"
    },
    {
        "id": 10,
        "country": "Azerbaijan",
        "capital": "Baku"
    },
    {
        "id": 11,
        "country": "Bahamas",
        "capital": "Nassau"
    },
    {
        "id": 12,
        "country": "Bahrain",
        "capital": "Manama"
    },
    {
        "id": 13,
        "country": "Bangladesh",
        "capital": "Dhaka"
    },
    {
        "id": 14,
        "country": "Barbados",
        "capital": "Bridgetown"
    },
    {
        "id": 15,
        "country": "Belarus",
        "capital": "Minsk"
    },
    {
        "id": 16,
        "country": "Belgium ",
        "capital": "Brussels"
    },
    {
        "id": 17,
        "country": "Belize",
        "capital": "Belmopan"
    },
    {
        "id": 18,
        "country": "Bhutan",
        "capital": "Thimphu"
    },
    {
        "id": 19,
        "country": "Bolivia",
        "capital": "La Paz"
    },
    {
        "id": 20,
        "country": "Bosnia and Herzegovina",
        "capital": "Sarajevo"
    },
    {
        "id": 21,
        "country": "Botswana",
        "capital": "Gaborone"
    },
    {
        "id": 22,
        "country": "Brazil ",
        "capital": "Brasilia"
    },
    {
        "id": 23,
        "country": "Brunei",
        "capital": "Bandar Seri Begawan"
    },
    {
        "id": 24,
        "country": "Bulgaria",
        "capital": "Sofia"
    },
    {
        "id": 25,
        "country": "Burkina Faso",
        "capital": "Ouagadougou"
    },
    {
        "id": 26,
        "country": "Burundi",
        "capital": "Bujumbura"
    },
    {
        "id": 27,
        "country": "Cabo Verde",
        "capital": "Praia"
    },
    {
        "id": 28,
        "country": "Cambodia",
        "capital": "Phnom Penh"
    },
    {
        "id": 29,
        "country": "Cameroon",
        "capital": "Yaounde"
    },
    {
        "id": 30,
        "country": "Canada",
        "capital": "Ottawa"
    },
    {
        "id": 31,
        "country": "Central African Republic",
        "capital": "Bangui"
    },
    {
        "id": 32,
        "country": "Chile",
        "capital": "Santiago"
    },
    {
        "id": 33,
        "country": "China",
        "capital": "Beijing"
    },
    {
        "id": 34,
        "country": "Colombia",
        "capital": "Bogota"
    },
    {
        "id": 35,
        "country": "Comoros",
        "capital": "Moroni"
    },
    {
        "id": 36,
        "country": "Democratic Republic of the Congo",
        "capital": "Kinshasa"
    },
    {
        "id": 37,
        "country": "Republic of the Congo",
        "capital": "Brazzaville"
    },
    {
        "id": 38,
        "country": "Costa Rica",
        "capital": "San Jose"
    },
    {
        "id": 39,
        "country": "Croatia",
        "capital": "Zagreb"
    },
    {
        "id": 40,
        "country": "Cuba",
        "capital": "Havana"
    },
    {
        "id": 41,
        "country": "Cyprus",
        "capital": "Nicosia"
    },
    {
        "id": 42,
        "country": "Czech Republic",
        "capital": "Prague"
    },
    {
        "id": 43,
        "country": "Denmark",
        "capital": "Copenhagen"
    },
    {
        "id": 44,
        "country": "Dominica",
        "capital": "Roseau"
    },
    {
        "id": 45,
        "country": "Dominican Republic",
        "capital": "Santo Domingo"
    },
    {
        "id": 46,
        "country": "Ecuador",
        "capital": "Quito"
    },
    {
        "id": 47,
        "country": "Egypt",
        "capital": "Cairo"
    },
    {
        "id": 48,
        "country": "El Salvador",
        "capital": "San Salvador"
    },
    {
        "id": 49,
        "country": "Equatorial Guinea",
        "capital": "Malabo"
    },
    {
        "id": 50,
        "country": "Eritrea",
        "capital": "Asmara"
    },
    {
        "id": 51,
        "country": "Estonia",
        "capital": "Tallinn"
    },
    {
        "id": 52,
        "country": "Ethiopia",
        "capital": "Addis Ababa"
    },
    {
        "id": 53,
        "country": "Fiji",
        "capital": "Suva"
    },
    {
        "id": 54,
        "country": "Finland",
        "capital": "Helsinki"
    },
    {
        "id": 55,
        "country": "France",
        "capital": "Paris"
    },
    {
        "id": 56,
        "country": "Gabon",
        "capital": "Libreville"
    },
    {
        "id": 57,
        "country": "Gambia",
        "capital": "Banjul"
    },
    {
        "id": 58,
        "country": "Georgia",
        "capital": "Tbilisi"
    },
    {
        "id": 59,
        "country": "Germany",
        "capital": "Berlin"
    },
    {
        "id": 60,
        "country": "Ghana",
        "capital": "Accra"
    },
    {
        "id": 61,
        "country": "Greece",
        "capital": "Athens"
    },
    {
        "id": 62,
        "country": "Guatemala",
        "capital": "Guatemala City"
    },
    {
        "id": 63,
        "country": "Guinea",
        "capital": "Conakry"
    },
    {
        "id": 64,
        "country": "Guinea-Bissau",
        "capital": "Bissau"
    },
    {
        "id": 65,
        "country": "Guyana",
        "capital": "Georgetown"
    },
    {
        "id": 66,
        "country": "Honduras",
        "capital": "Tegucigalpa"
    },
    {
        "id": 67,
        "country": "Hungary",
        "capital": "Budapest"
    },
    {
        "id": 68,
        "country": "Iceland",
        "capital": "Reykjavik"
    },
    {
        "id": 69,
        "country": "India",
        "capital": "New Delhi"
    },
    {
        "id": 70,
        "country": "Indonesia",
        "capital": "Jakarta"
    },
    {
        "id": 71,
        "country": "Iran",
        "capital": "Tehran"
    },
    {
        "id": 72,
        "country": "Iraq",
        "capital": "Baghdad"
    },
    {
        "id": 73,
        "country": "Ireland",
        "capital": "Dublin"
    },
    {
        "id": 74,
        "country": "Israel",
        "capital": "Jerusalem"
    },
    {
        "id": 75,
        "country": "Italy",
        "capital": "Rome"
    },
    {
        "id": 76,
        "country": "Jamaica",
        "capital": "Kingston"
    },
    {
        "id": 77,
        "country": "Japan",
        "capital": "Tokyo"
    },
    {
        "id": 78,
        "country": "Jordan",
        "capital": "Amman"
    },
    {
        "id": 79,
        "country": "Kazakhstan",
        "capital": "Astana"
    },
    {
        "id": 80,
        "country": "Kenya",
        "capital": "Nairobi"
    },
    {
        "id": 81,
        "country": "Kiribati",
        "capital": "South Tarawa"
    },
    {
        "id": 82,
        "country": "Kosovo",
        "capital": "Pristina"
    },
    {
        "id": 83,
        "country": "Kuwait",
        "capital": "Kuwait City"
    },
    {
        "id": 84,
        "country": "Kyrgyzstan",
        "capital": "Bishkek"
    },
    {
        "id": 85,
        "country": "Laos",
        "capital": "Vientiane"
    },
    {
        "id": 86,
        "country": "Latvia",
        "capital": "Riga"
    },
    {
        "id": 87,
        "country": "Lebanon",
        "capital": "Beirut"
    },
    {
        "id": 88,
        "country": "Lesotho",
        "capital": "Maseru"
    },
    {
        "id": 89,
        "country": "Liberia",
        "capital": "Monrovia"
    },
    {
        "id": 90,
        "country": "Libya",
        "capital": "Tripoli"
    },
    {
        "id": 91,
        "country": "Liechtenstein",
        "capital": "Vaduz"
    },
    {
        "id": 92,
        "country": "Lithuania",
        "capital": "Vilnius"
    },
    {
        "id": 93,
        "country": "Luxembourg",
        "capital": "Luxembourg"
    },
    {
        "id": 94,
        "country": "Macedonia",
        "capital": "Skopje"
    },
    {
        "id": 95,
        "country": "Madagascar",
        "capital": "Antananarivo"
    },
    {
        "id": 96,
        "country": "Malawi",
        "capital": "Lilongwe"
    },
    {
        "id": 97,
        "country": "Malaysia",
        "capital": "Kuala Lumpur"
    },
    {
        "id": 98,
        "country": "Maldives",
        "capital": "Male"
    },
    {
        "id": 99,
        "country": "Mali",
        "capital": "Bamako"
    },
    {
        "id": 100,
        "country": "Malta",
        "capital": "Valletta"
    },
    {
        "id": 101,
        "country": "Marshall Islands",
        "capital": "Majuro"
    },
    {
        "id": 102,
        "country": "Mauritania",
        "capital": "Nouakchott"
    },
    {
        "id": 103,
        "country": "Mauritius",
        "capital": "Port Louis"
    },
    {
        "id": 104,
        "country": "Mexico",
        "capital": "Mexico City"
    },
    {
        "id": 105,
        "country": "Micronesia",
        "capital": "Palikir"
    },
    {
        "id": 106,
        "country": "Moldova",
        "capital": "Chisinau"
    },
    {
        "id": 107,
        "country": "Monaco",
        "capital": "Monaco"
    },
    {
        "id": 108,
        "country": "Mongolia",
        "capital": "Ulaanbaatar"
    },
    {
        "id": 109,
        "country": "Montenegro",
        "capital": "Podgorica"
    },
    {
        "id": 110,
        "country": "Morocco",
        "capital": "Rabat"
    },
    {
        "id": 111,
        "country": "Mozambique",
        "capital": "Maputo"
    },
    {
        "id": 112,
        "country": "Namibia",
        "capital": "Windhoek"
    },
    {
        "id": 113,
        "country": "Nauru",
        "capital": "Yaren District"
    },
    {
        "id": 114,
        "country": "Nepal",
        "capital": "Kathmandu"
    },
    {
        "id": 115,
        "country": "Netherlands",
        "capital": "Amsterdam"
    },
    {
        "id": 116,
        "country": "New Zealand",
        "capital": "Wellington"
    },
    {
        "id": 117,
        "country": "Nicaragua",
        "capital": "Managua"
    },
    {
        "id": 118,
        "country": "Niger",
        "capital": "Niamey"
    },
    {
        "id": 119,
        "country": "Nigeria",
        "capital": "Abuja"
    },
    {
        "id": 120,
        "country": "North Korea",
        "capital": "Pyongyang"
    },
    {
        "id": 121,
        "country": "Norway",
        "capital": "Oslo"
    },
    {
        "id": 122,
        "country": "Oman",
        "capital": "Muscat"
    },
    {
        "id": 123,
        "country": "Pakistan",
        "capital": "Islamabad"
    },
    {
        "id": 124,
        "country": "Palau",
        "capital": "Ngerulmud"
    },
    {
        "id": 125,
        "country": "Palestine",
        "capital": "Ramallah"
    },
    {
        "id": 126,
        "country": "Panama",
        "capital": "Panama City"
    },
    {
        "id": 127,
        "country": "Papua New Guinea",
        "capital": "Port Moresby"
    },
    {
        "id": 128,
        "country": "Paraguay",
        "capital": "Asunción"
    },
    {
        "id": 129,
        "country": "Peru",
        "capital": "Lima"
    },
    {
        "id": 130,
        "country": "Philippines",
        "capital": "Manila"
    },
    {
        "id": 131,
        "country": "Poland",
        "capital": "Warsaw"
    },
    {
        "id": 132,
        "country": "Portugal",
        "capital": "Lisbon"
    },
    {
        "id": 133,
        "country": "Qatar",
        "capital": "Doha"
    },
    {
        "id": 134,
        "country": "Romania",
        "capital": "Bucharest"
    },
    {
        "id": 135,
        "country": "Russia",
        "capital": "Moscow"
    },
    {
        "id": 136,
        "country": "Rwanda",
        "capital": "Kigali"
    },
    {
        "id": 137,
        "country": "Saint Kitts and Nevis",
        "capital": "Basseterre"
    },
    {
        "id": 138,
        "country": "Saint Lucia",
        "capital": "Castries"
    },
    {
        "id": 139,
        "country": "Saint Vincent and the Grenadines",
        "capital": "Kingstown"
    },
    {
        "id": 140,
        "country": "Samoa",
        "capital": "Apia"
    },
    {
        "id": 141,
        "country": "San Marino",
        "capital": "San Marino"
    },
    {
        "id": 142,
        "country": "Saudi Arabia",
        "capital": "Riyadh"
    },
    {
        "id": 143,
        "country": "Senegal",
        "capital": "Dakar"
    },
    {
        "id": 144,
        "country": "Serbia",
        "capital": "Belgrade"
    },
    {
        "id": 145,
        "country": "Seychelles",
        "capital": "Victoria"
    },
    {
        "id": 146,
        "country": "Sierra Leone",
        "capital": "Freetown"
    },
    {
        "id": 147,
        "country": "Singapore",
        "capital": "Singapore"
    },
    {
        "id": 148,
        "country": "Slovakia",
        "capital": "Bratislava"
    },
    {
        "id": 149,
        "country": "Slovenia",
        "capital": "Ljubljana"
    },
    {
        "id": 150,
        "country": "Solomon Islands",
        "capital": "Honiara"
    },
    {
        "id": 151,
        "country": "Somalia",
        "capital": "Mogadishu"
    },
    {
        "id": 152,
        "country": "South Africa",
        "capital": "Pretoria"
    },
    {
        "id": 153,
        "country": "South Korea",
        "capital": "Seoul"
    },
    {
        "id": 154,
        "country": "South Sudan",
        "capital": "Juba"
    },
    {
        "id": 155,
        "country": "Spain",
        "capital": "Madrid"
    },
    {
        "id": 156,
        "country": "Sudan",
        "capital": "Khartoum"
    },
    {
        "id": 157,
        "country": "Suriname",
        "capital": "Paramaribo"
    },
    {
        "id": 158,
        "country": "Swaziland",
        "capital": "Mbabane"
    },
    {
        "id": 159,
        "country": "Sweden",
        "capital": "Stockholm"
    },
    {
        "id": 160,
        "country": "Switzerland",
        "capital": "Bern"
    },
    {
        "id": 161,
        "country": "Syria",
        "capital": "Damascus"
    },
    {
        "id": 162,
        "country": "Taiwan",
        "capital": "Taipei"
    },
    {
        "id": 163,
        "country": "Tajikistan",
        "capital": "Dushanbe"
    },
    {
        "id": 164,
        "country": "Tanzania",
        "capital": "Dodoma"
    },
    {
        "id": 165,
        "country": "Thailand",
        "capital": "Bangkok"
    },
    {
        "id": 166,
        "country": "Togo",
        "capital": "Lome"
    },
    {
        "id": 167,
        "country": "Trinidad and Tobago",
        "capital": "Port of Spain"
    },
    {
        "id": 168,
        "country": "Tunisia",
        "capital": "Tunis"
    },
    {
        "id": 169,
        "country": "Turkey",
        "capital": "Ankara"
    },
    {
        "id": 170,
        "country": "Turkmenistan",
        "capital": "Ashgabat"
    },
    {
        "id": 171,
        "country": "Tuvalu",
        "capital": "Funafuti"
    },
    {
        "id": 172,
        "country": "Uganda",
        "capital": "Kampala"
    },
    {
        "id": 173,
        "country": "Ukraine",
        "capital": "Kyiv"
    },
    {
        "id": 174,
        "country": "United Arab Emirates",
        "capital": "Abu Dhabi"
    },
    {
        "id": 175,
        "country": "United Kingdom",
        "capital": "London"
    },
    {
        "id": 176,
        "country": "United States of America",
        "capital": "Washington"
    },
    {
        "id": 177,
        "country": "Uruguay",
        "capital": "Montevideo"
    },
    {
        "id": 178,
        "country": "Uzbekistan",
        "capital": "Tashkent"
    },
    {
        "id": 179,
        "country": "Vanuatu",
        "capital": "Port Vila"
    },
    {
        "id": 180,
        "country": "Venezuela",
        "capital": "Caracas"
    },
    {
        "id": 181,
        "country": "Vietnam",
        "capital": "Hanoi"
    },
    {
        "id": 182,
        "country": "Zambia",
        "capital": "Lusaka"
    },
    {
        "id": 183,
        "country": "Zimbabwe",
        "capital": "Harare"
    }
]
}
